{
  "best_epoch": 49,
  "best_stage": 2,
  "best_f1": 0.9065579984836998,
  "best_auc": 0.9378831021481913,
  "best_pr_auc": 0.9659806331088747,
  "best_recall": 0.88198414161903
}