{
  "selected_threshold": 0.15,
  "validation_metrics_at_selected_threshold": {
    "accuracy": 0.8925068654374264,
    "precision": 0.9023963617281792,
    "recall": 0.9513184584178499,
    "specificity": 0.7491007194244604,
    "f1": 0.9262118491921005,
    "f1_macro": 0.8641651446249381,
    "balanced_accuracy": 0.8502095889211552,
    "tn": 1666,
    "fp": 558,
    "fn": 264,
    "tp": 5159,
    "fpr": 0.25089928057553956,
    "fnr": 0.0486815415821501,
    "eer": 0.1359392018010154,
    "auc": 0.9378831021481913,
    "pr_auc": 0.9659806331088747
  },
  "test_metrics_at_selected_threshold": {
    "accuracy": 0.8835688121402407,
    "precision": 0.8959972032861387,
    "recall": 0.9455819959417082,
    "specificity": 0.7323436797121008,
    "f1": 0.9201220606713337,
    "f1_macro": 0.8527286617876688,
    "balanced_accuracy": 0.8389628378269045,
    "tn": 1628,
    "fp": 595,
    "fn": 295,
    "tp": 5126,
    "fpr": 0.2676563202878992,
    "fnr": 0.05441800405829183,
    "eer": 0.14633313592041344,
    "auc": 0.9228658182143167,
    "pr_auc": 0.9516001021000723,
    "loss": 0.40134415535762136
  }
}