{
  "selected_threshold": 0.15,
  "selection_mode": "constraint_satisfied",
  "selection_constraints": {
    "min_recall": 0.9,
    "min_precision": 0.8
  },
  "selected_metrics": {
    "accuracy": 0.8925068654374264,
    "precision": 0.9023963617281792,
    "recall": 0.9513184584178499,
    "specificity": 0.7491007194244604,
    "f1": 0.9262118491921005,
    "f1_macro": 0.8641651446249381,
    "balanced_accuracy": 0.8502095889211552,
    "fpr": 0.25089928057553956,
    "fnr": 0.0486815415821501,
    "tn": 1666,
    "fp": 558,
    "fn": 264,
    "tp": 5159
  }
}